name,email,age
Christy Huang,hillerika@example.com,66
Sydney Kelly,kristenwade@example.net,41
Derek Tapia,jesse03@example.net,60
Mark Anderson,robert55@example.net,18
Christopher Rhodes,aflowers@example.org,85
Joseph Collins,wmurphy@example.org,76
Ryan Clark,woodwilliam@example.net,26
Elizabeth Baldwin,jsmith@example.org,48
Sabrina Haynes,medinadavid@example.com,42
Brandon Dunn,bryce27@example.net,47
Meghan Davila,beckywagner@example.net,67
Douglas Collier,sharon38@example.org,27
Ms. Cindy Hughes,gentrysteven@example.net,84
Mr. Tyler Patrick,jodi15@example.org,64
Stephanie Long,mccoymaureen@example.net,76
Eric Rose,montesshelby@example.net,26
Nicholas Morgan,spencer17@example.net,19
Nicole Morrison,heather81@example.org,30
Mark Allison,ryan51@example.org,78
Brian Dominguez,pmartin@example.org,73
Katherine Dickson,ojohnson@example.net,55
Jeanne Miller,danieljohnson@example.org,81
Julie Castillo,cclark@example.net,64
Dr. Aaron Larson,kelly08@example.com,81
Daniel Bryant,allenanthony@example.net,39
Jamie Garcia,hmcdowell@example.net,71
Ryan Davis,holly38@example.org,73
Karen Mills,angelafreeman@example.com,19
Brianna Johnson,aray@example.org,46
David Miller,yweiss@example.net,82
Trevor Evans,christian30@example.org,97
Susan Huffman,ian35@example.org,21
Ronald Jackson,vhenson@example.org,68
Thomas Freeman PhD,kmoore@example.net,73
Jason Cook,amy64@example.org,87
William Powell,joseph19@example.net,57
Dustin Russell,lgraham@example.net,93
Lori Rivera,theresa75@example.com,84
Todd Wilson,ruizkent@example.org,54
Shannon Bennett,katelynmerritt@example.com,84
Michael Coleman,dmartin@example.net,67
Sarah Chang,mark77@example.net,40
Sara Estrada,jacobreed@example.net,63
Shane Oneill,wardcrystal@example.net,42
Elizabeth Collins,acarney@example.com,94
Mr. John Baker,schultzhaley@example.net,75
Erika Wilson,gdavis@example.org,34
Michael Miller,ocochran@example.com,52
Lisa Webb,patriciarobbins@example.net,45
John King,martinezcurtis@example.org,81
Roy Clayton,oschultz@example.com,99
Shelly Meadows,scastro@example.net,98
Audrey Wallace,thompsonrichard@example.com,76
Nicole Davis,nicholemartinez@example.org,99
Arthur Gallagher,williammatthews@example.net,18
Kimberly Williams,margaret59@example.com,81
Micheal Patton,lowerydeborah@example.org,67
Zachary Reynolds,jjimenez@example.com,28
Melinda Harris,anna21@example.net,64
Anna White,nicholas82@example.org,62
Pamela West,gordonadam@example.com,24
Theresa Obrien,chaseroberts@example.com,55
Pamela Riley,oramirez@example.net,33
Aaron Wilson,sandra70@example.org,50
Gregory Carpenter,jameslawson@example.org,67
Kimberly Smith,jenniferjenkins@example.com,48
Donald Hopkins,arthur05@example.org,80
Derek Roberson,stevenbeltran@example.com,77
Sharon Brock,gouldtamara@example.com,67
William Smith,donaldrussell@example.org,99
Thomas Stevens,marissahorn@example.net,85
Brenda Hess,stefanieknight@example.com,26
Christina Wood,jhuff@example.net,98
Christina Mcdaniel,bakerjulie@example.com,21
Sierra Boone,mary75@example.org,29
Beth Kennedy,stevenwilliams@example.net,48
Mark Huffman,shawtaylor@example.org,61
Sherry Mora,rmendez@example.com,52
Donald Green,othomas@example.org,63
Faith Flores,susan38@example.com,78
Tracie Crawford,wmason@example.com,23
Christopher Boyd,grimeskelli@example.net,52
Christopher Martinez,nelsonshawn@example.net,90
Theresa Williams,sweeneynicholas@example.com,22
Joseph Cabrera,matthew18@example.com,41
James Hicks,williamstimothy@example.net,40
Mr. William Lawrence,vboone@example.org,55
Jamie Howell,jacob71@example.com,46
Joshua Shaw,perezjoseph@example.net,86
Larry Burke,justin66@example.net,28
John Hernandez,laura85@example.org,88
Briana Nichols DDS,patrick33@example.com,96
Steven Mueller,hollyhill@example.com,30
Andrew Cohen,lindsey28@example.net,62
Rachel Campbell,mary53@example.com,98
Cynthia Watts,maryanderson@example.org,61
Samuel Bryant,crystalburns@example.com,42
Melissa Jones,reginalloyd@example.net,55
Catherine Francis,srobinson@example.com,54
Rachel Lindsey,daisy59@example.org,63
Isaiah Baker,roger74@example.com,93
Sarah Callahan,cheyenne92@example.com,98
Alexis Brown,diana68@example.net,93
Lorraine Johnson,martinezmark@example.net,74
Wyatt Webb,ustrong@example.org,71
Regina Paul,christine47@example.net,98
Natalie Wilson,eowens@example.org,95
Rachael Ross,ronaldvargas@example.com,37
Michelle Wallace,gibsonwilliam@example.net,93
Martin Parks,donald34@example.net,60
Paula Thomas,wroberts@example.com,19
Andrew White,leah76@example.org,79
Justin Dudley,levychad@example.org,63
Amber Anderson,johnsonjohn@example.org,27
Jesse Roberts,ramirezdanielle@example.com,86
Dr. Vanessa Newman,terry57@example.net,95
Cheryl Gonzales,dlucero@example.com,34
John Stewart,hbutler@example.org,28
Justin Rangel,andrew55@example.net,87
Kenneth Suarez,mking@example.org,81
Douglas Roberts,kathrynbrowning@example.net,95
Kevin Fuller,petersdaniel@example.org,71
Christopher Chambers,courtneywright@example.com,98
Edward Murray,walter86@example.net,71
Michael Owens,bmiller@example.org,72
Candice Gregory,rpatrick@example.com,36
Norman Young,ashley63@example.com,71
Seth Harvey,tcarpenter@example.org,82
Daniel Duke,feliciatran@example.org,98
Nathaniel Thomas,eric75@example.com,24
William Anderson,psandoval@example.com,75
Lawrence Murray,jonesphilip@example.com,71
Tiffany Pearson,allenkimberly@example.org,19
Lawrence Holmes,amanda03@example.org,72
Larry Price,jacqueline42@example.com,98
Richard Rodriguez,bradshawcurtis@example.com,46
Tanner Cohen,robertcoleman@example.org,21
Kyle Wright,wyatt20@example.org,66
Brooke Mayo,alexanderjohn@example.com,95
Joshua Mason,cynthia59@example.com,51
Kimberly Shaffer,oconnellamber@example.net,60
Rebecca Olsen,dparker@example.com,97
Dawn Jackson,hluna@example.net,36
Michelle Brooks,hernandezgeorge@example.org,58
Scott Peterson,ericwhite@example.org,94
Mrs. Donna Hernandez MD,sean26@example.net,48
Emily Schmitt,forddebra@example.org,36
Jason Taylor,rweber@example.org,84
Scott Morris,sparksnichole@example.com,74
Linda Molina,sreed@example.org,29
Ernest Richards,dhernandez@example.com,37
Brendan Holland,wmann@example.net,97
Rachel Martinez,ksantos@example.org,34
Kimberly Shaw,danny54@example.net,58
Katrina Rodriguez,marcusstevens@example.net,25
Angela Stewart,tara33@example.org,81
Meghan Johnson,karen86@example.org,53
Taylor Carr,andersonjeremy@example.net,73
Jessica Watts,justin15@example.net,66
William Adkins,melindakane@example.org,28
Natasha Craig,drivas@example.com,63
Brian Frederick,tbrooks@example.net,55
Kathy Lawson,russojennifer@example.org,84
Michael Yu,dclayton@example.org,31
Daniel Daniel,megan88@example.net,30
Melvin Gardner,kevin94@example.net,30
Theresa Williams,holdersteven@example.com,48
Angela Nguyen,ffields@example.org,40
Angel Ewing,kevin64@example.org,71
Melinda Anderson,jenniferclark@example.org,93
Stephanie Morgan,john00@example.com,68
Travis Warren,garrettangelica@example.com,74
Lee Stephens,heathervasquez@example.net,34
Joe Brown,martinmaria@example.com,33
Corey Craig,brownbrenda@example.org,67
Erika Scott,steventaylor@example.com,59
Darrell Martin,lewisdenise@example.net,64
Kevin Cuevas,sanfordbrian@example.org,88
Brandon Dunn,martinezstephanie@example.org,97
Maureen Rodriguez MD,potterjuan@example.org,26
Joel Powell,ofox@example.org,75
Ryan Mathews II,nvilla@example.net,48
Jennifer Lewis,beckerjoshua@example.net,27
Ashley Schneider,salasjason@example.org,19
Richard Vargas,michaelzimmerman@example.net,90
Benjamin Martinez,ksmith@example.org,82
Rodney Valdez,hubbardjames@example.com,82
Lindsey Hughes,salazarjacob@example.com,63
Michael Daniels,esingh@example.com,43
Andrea Jones,hillsandra@example.org,74
Loretta Atkinson,kpeterson@example.net,43
Joshua Larson,jayschroeder@example.org,36
Andrew Hayes,burchjamie@example.net,97
Michael Robinson,emilymolina@example.com,96
Christina Walters,perrycindy@example.net,37
Daniel Campbell,xjones@example.com,23
Chelsey Vaughn,pamelabrennan@example.net,44
Andrew Jones,kaitlynmcbride@example.com,39
Jennifer Davis,ariel65@example.com,27
Barbara Foster,josephsingleton@example.com,36
Amanda Fields,perkinspatrick@example.com,57
Frank Kent,jperkins@example.com,89
William Campbell,andrea51@example.org,83
Jennifer Davis,youngjordan@example.org,40
Brian Taylor,nicole39@example.com,71
Randy Alexander,xwarner@example.net,20
Sandra Murphy,abuck@example.net,65
Emily Bentley,waltersjoseph@example.org,72
Ashley Roman,jbrandt@example.org,18
Denise Hurley,michaelwilliams@example.net,78
Edward Clements,wbailey@example.com,37
Erik Patterson,charlescontreras@example.com,80
Jeffery Johnson,annaweaver@example.com,77
Matthew Burns,deleonmelissa@example.org,68
Ryan Faulkner,brianna09@example.com,83
Richard Wagner,qjohnson@example.org,51
Todd Ramirez,muellersamuel@example.org,24
Eric Davis,smithkristina@example.com,91
Nicholas Nichols,ashleyryan@example.org,53
Katie Sanchez,melissa51@example.org,19
Abigail Taylor,claire06@example.net,50
Evan Bennett,aanderson@example.net,48
Matthew Reynolds,wilsonanthony@example.net,86
Erica Conner,rosetaylor@example.com,86
Vanessa Leonard DVM,tarahickman@example.com,88
Brian Carr,noahspencer@example.org,77
Jeffrey Mejia,tuckerlori@example.net,86
William Ferguson,stephen73@example.org,89
Sandra Hebert,joshua99@example.org,75
Emma Jackson,njackson@example.org,39
Todd Parks,tracey07@example.org,83
Terry Rogers,crystaldaniels@example.org,98
Michael Robbins,merrittcrystal@example.net,21
Crystal Fletcher,matthew67@example.com,34
Teresa Hoffman,whitemichael@example.com,93
Jerry Mcdonald,benjamingarcia@example.org,26
Renee Valdez,kylebenson@example.com,94
Kenneth Peterson,stevenross@example.org,49
Dylan Coleman,martintina@example.net,26
Tina Patel DDS,zharmon@example.org,76
Stacey Casey,gharvey@example.org,26
Cody Casey,winterssandy@example.org,24
Michele Roberts,john82@example.com,47
John Campbell,gruiz@example.com,19
Daniel Carter,stevenhamilton@example.net,56
Evan Weiss,darrellgreen@example.org,50
Frederick Francis,robertcollier@example.com,27
Joseph Young,kenneth33@example.net,97
John Palmer,gomezkimberly@example.net,51
Laura Galvan,mooremarcus@example.com,66
Daniel Williams,kimmary@example.org,44
Victoria Nelson,melissa75@example.com,93
Kenneth Rhodes,arussell@example.net,55
Victoria Coleman,elizabeth79@example.net,26
James Ray,robertmarks@example.net,30
Jacob Briggs,mikestewart@example.net,67
Kevin Liu,alejandrowilson@example.org,44
Alvin Ortega,timothywong@example.com,59
Vincent Mullins,ilopez@example.org,81
Jennifer Green,rickyhorn@example.com,48
Tonya Nelson,peter03@example.org,32
Eric Crawford,thomaslong@example.org,95
Austin Cruz,millsjoanna@example.com,95
Jonathan Roach,norman46@example.net,34
Daniel Harris,darrylmartin@example.com,57
Eric Black,jacquelineduncan@example.net,47
Yesenia Barrett,qgarner@example.net,19
Sonya Dominguez,dperez@example.org,24
Jeremy Anderson,maryramos@example.com,78
Rachael Price,kristiesalazar@example.com,71
Trevor Gordon DDS,tammydouglas@example.net,27
William Nelson,guzmanmark@example.net,44
Carlos Swanson,bwilliams@example.net,43
Michele Delacruz,qbaker@example.org,86
Wayne Richardson,scontreras@example.net,97
Lisa Young,elizabeth48@example.org,75
Harold Cervantes,sgonzales@example.com,68
Ernest Fuentes,pamelayoung@example.com,48
Christian Hartman,williamwilliams@example.com,77
Christopher Banks,wrightkyle@example.com,52
Terry Dominguez,etorres@example.com,39
Isaac Davis,melissawest@example.org,72
Tracy Torres,igarcia@example.net,90
Joshua Baker,thomaskevin@example.net,21
Jason Allen,marybrown@example.com,58
Jennifer House,paulmclaughlin@example.net,92
Stephanie Green,kennethblevins@example.net,68
Anthony Rich,anthony21@example.org,79
Gregory Harrington,ptaylor@example.net,25
Yesenia Fischer,allenmatthew@example.org,75
Terry Johnson,morenokelsey@example.net,41
Terry Weber,staceydennis@example.com,77
Robin Cook,nicole08@example.org,72
Michael Reynolds,campbellmichael@example.net,59
Elizabeth Williams,jonathandelgado@example.org,46
Sharon Richardson,urodriguez@example.net,39
Dwayne Walker,loriarmstrong@example.net,49
Jacqueline Jackson,scott39@example.com,26
Anne Johnson,jasonbrown@example.org,91
Paul Walls,logan34@example.org,79
Jamie Hines,ashleyschwartz@example.com,96
Aaron Perry,mitchellrandall@example.com,31
Martin Andersen,todd71@example.org,41
Elizabeth Palmer,petersonsuzanne@example.org,77
Cassandra Jones,rhayes@example.com,75
Ashley Waller,hicksjessica@example.net,87
Michael Jones,jacob33@example.net,44
Dr. Ashley Miller,walkeramy@example.net,96
Luis Gibson,victor82@example.net,20
Christopher Davis,nicholasdickerson@example.net,68
Walter Miller,smyers@example.com,81
Daniel Vasquez,frazierbrittany@example.com,67
Heather Avila,higginssonya@example.org,99
Nicole Moore MD,caldwelldavid@example.net,42
Abigail Hester,shannonnguyen@example.com,50
James Campos,longstephanie@example.com,60
Justin Donovan,kristy96@example.com,67
Miguel Mitchell,mrice@example.com,95
Sally Bush,debrahouse@example.net,34
David Henry,edwintaylor@example.com,35
Kristin Schultz,stephen43@example.org,65
Michelle Galloway,rachel13@example.net,56
Charles West,pgarcia@example.org,45
Jeremiah Munoz,jeffrey08@example.net,62
Ronald Bennett,stevenswilliam@example.org,70
Bradley Smith,shannon02@example.org,23
Bradley Reed,maddenbrenda@example.net,24
Angelica Bond,olee@example.org,61
Gregory Bauer,umartin@example.net,94
Samuel Tran,elainesmith@example.org,42
Nicole Guzman,jenniferatkins@example.net,24
Matthew Hill,john23@example.org,74
Ann White,jennarogers@example.org,26
Sarah Roach,ashley80@example.org,43
Christopher Johnson,kandrews@example.com,69
Christopher Stafford,lesliehansen@example.net,94
Carrie Gregory,heather60@example.org,83
Kaylee Perez,copelandmisty@example.net,65
Joshua Matthews,elizabeth08@example.com,33
Crystal Moore,jamescrosby@example.net,46
Andrew Dunlap,mariawebb@example.net,57
Victoria Hammond,robertmills@example.com,21
Phillip Roy,alyssa11@example.net,66
Joanna Ball,jacksonwilliam@example.com,58
Allison Chan,kelsey70@example.net,49
Gregory Moran,stacymarshall@example.org,98
Allison Evans,wongangela@example.org,21
James Daniels,erika93@example.com,64
Elizabeth Huffman,zacharypruitt@example.net,29
Lisa Mcknight,robinsonjessica@example.org,61
Kevin Young,morrisshannon@example.net,93
Kimberly Park,yangsarah@example.org,77
Joseph Gonzales,james43@example.org,87
Julie Lee,edward45@example.com,93
Anita May,greenkeith@example.org,85
Elizabeth Barry,fernando66@example.com,72
Linda Smith,ericksonspencer@example.net,37
Holly Moss,angelahopkins@example.com,92
Kaitlyn Thomas,mwilson@example.org,67
Patrick Gross,erickelley@example.com,72
Jose Allen,emartinez@example.net,94
Emily Thompson,lbrown@example.org,72
Samantha Lopez,pmcguire@example.org,59
Heather Perry,hjenkins@example.org,87
Angela Reyes,heathercastro@example.net,35
Tamara Scott,theresalong@example.net,29
Michele Jones,pamela26@example.net,81
Michelle Wilcox,browndonna@example.net,24
Jack Wilson,debbiesmith@example.net,72
Monique Gordon,rachelkent@example.org,21
Jessica Walker,cookmark@example.org,56
Russell Buck,samuelmiller@example.net,86
Jessica Bond,carmen54@example.com,64
Shawn Robinson,nadams@example.com,38
Joyce Morales,ylawson@example.org,51
Tony Charles,cjones@example.com,77
Peter Leonard,brittany26@example.com,45
Jonathan Johnson,frederick37@example.com,49
Jessica Miller,woodkim@example.com,55
Amanda Lynch,lesliebaldwin@example.org,37
Holly Smith,donald80@example.com,43
Robert Brown,amber09@example.net,96
Jason Burton,mblankenship@example.com,60
David Gardner,boydcaitlin@example.org,94
Melissa Solomon,rtownsend@example.org,36
Cynthia Matthews,lynn65@example.net,84
Crystal Levine,rodriguezsierra@example.org,45
Jennifer Vazquez,velezelizabeth@example.org,49
Matthew Carpenter,marywyatt@example.org,34
Joel Klein,jamesstewart@example.org,87
Kim Woods,harrisonmichelle@example.net,48
Christopher Ayers,kathryn51@example.com,59
Deanna Ramsey,christinamorrow@example.net,46
Lisa Lane,gvargas@example.net,63
Sarah Cruz,lanenicole@example.net,43
Taylor Hill,meghan06@example.org,99
Danielle Evans,austinporter@example.com,40
Krystal Hurst,aware@example.net,43
Heather Schneider,clayton57@example.net,88
Joe Jackson,espinozapaul@example.net,28
Pamela Young,bryantdavid@example.org,94
Christopher Sanchez,danielferguson@example.org,85
Anita Hill,jsantana@example.com,74
Mark Hunt,tammy17@example.org,63
Emily Wilson,katelyn43@example.org,75
Amy Freeman,xramsey@example.com,55
Rebecca Lopez,martinezgabriel@example.net,72
Dr. Sara Larson,stacie85@example.com,34
Stephanie Blankenship,brianmcdowell@example.com,64
Michelle Phillips,shawn45@example.com,99
Karen Underwood,gfrye@example.net,80
Susan Johnston,wmiller@example.org,21
Michael Campbell,brooksbobby@example.com,81
Amy Arellano,lozanojennifer@example.com,62
Cameron Ellison,reedjennifer@example.net,25
James Owens,hburns@example.org,63
Krista Powell,jhamilton@example.net,72
Melinda Pruitt,angela34@example.com,67
Kathryn Diaz,sdavila@example.org,29
Jasmine Wu,laura31@example.com,40
Adam Winters,donald86@example.net,20
Charles Tran,vwu@example.com,34
Jacqueline Harris,alexander10@example.net,28
Sherry Holt,torresthomas@example.net,84
Matthew Robinson,enorris@example.org,63
Jean Smith,jim09@example.com,68
Stephanie Turner MD,amy04@example.net,67
Dana Hernandez,smithmichelle@example.com,37
Randy Marshall,mitchellveronica@example.net,78
Zachary Johnson,murphymelissa@example.org,35
Michelle Gibson,elizabeth38@example.net,21
Ruth Schmidt,edwardbishop@example.com,77
Christopher Kline,morganbrown@example.net,37
Karen Poole,fhernandez@example.net,27
Michael Cervantes,nmendoza@example.com,96
Amy Salinas MD,kellyraymond@example.org,64
Brian Perry,dennisalvarado@example.net,39
Heather Casey,loganalyssa@example.net,82
James Davidson,jenniferskinner@example.com,72
Keith Cox,wendypittman@example.net,82
Karen Nunez,amandamiller@example.com,80
Mark Bennett,elizabeth17@example.com,63
Jennifer Lindsey,davidlewis@example.net,86
Scott Gonzalez,gabrielatorres@example.org,88
Kevin Jones,newmanbarbara@example.net,42
Courtney Salinas,jennifer85@example.com,87
Travis Ramos,fkelly@example.org,65
Miss Jasmine Jimenez DVM,ramirezalexander@example.net,63
Suzanne Hansen,jennifer92@example.net,53
John Frank,dhernandez@example.com,31
Johnny Moore,adkinsbryan@example.net,19
John Morris,tmcguire@example.org,53
Daniel Jenkins,maychristine@example.org,18
Kevin Blankenship,hgreen@example.net,18
Michael Clements,aaron05@example.com,59
Brent Harper,sberry@example.net,20
Eric Berg,crodgers@example.com,20
Alexandra Davidson,smithcarrie@example.com,79
Robert Aguirre,tonyfitzgerald@example.com,21
Felicia Thompson,vsmith@example.org,85
Rebekah Avila,halljulia@example.net,75
Todd Solis,michellecollins@example.net,95
Christopher Delacruz,weavermegan@example.net,37
Jon Boyle,sheltonjoseph@example.com,98
Thomas Johnson,wsmith@example.com,57
Samuel Bailey,rachelfletcher@example.com,65
Jennifer Lucas,larrymaynard@example.com,56
Sarah Davis,chenbryan@example.com,55
Brandon Anderson,lance81@example.org,58
Jacob Dean,oball@example.com,36
Mrs. Kimberly Quinn DDS,hayley84@example.net,91
Dan Hamilton,harrislorraine@example.net,67
Hannah James,alexanderhuffman@example.net,75
Marcus Moses,ortizjoshua@example.net,91
Joseph West,dawnfrank@example.org,84
Samantha Hicks,francoryan@example.org,84
Troy Taylor,perezjoyce@example.com,28
Jennifer Perry,walkerkelly@example.net,71
Danielle Reed,tfernandez@example.org,38
Kristen Harris,gsmith@example.org,58
Crystal Potts,kristenmartinez@example.net,81
Sherry Stewart,jean04@example.org,28
Colleen Bird,jhammond@example.org,42
Anna Walls,vcoleman@example.net,70
Miss Jamie Grant DVM,davidyoung@example.com,75
Colleen Bennett,christopher89@example.com,19
Mrs. Amber Stokes,samuel84@example.net,80
Amber Evans,icastaneda@example.net,38
Brittney Snyder,ysnyder@example.com,19
Danielle Martin,ian57@example.com,60
Heidi Webb,jeffreyserrano@example.org,85
Daniel Alexander,daniel18@example.com,75
Denise Nash,jasmine94@example.net,55
Robert Vaughn,uwhite@example.net,35
Sandra Mullins,rhodessean@example.org,41
William Hansen,luke43@example.org,78
Melanie Lindsey,grace02@example.org,53
Mary Ramirez,richardsjustin@example.org,40
Stephen Bryant,jonathanporter@example.com,53
Sandra Dunlap,jerome35@example.net,20
Shelby Guerrero,donna03@example.org,45
Amanda Kelly DDS,calexander@example.net,32
Maria Davis,brandonfox@example.com,26
Mrs. Mary Costa PhD,stonedebbie@example.net,80
David Garcia,olsonbrianna@example.org,64
Richard Galloway,gonzalezjeremy@example.org,20
Joseph Flores,daniellepowell@example.net,31
Angela Hess,scottbrown@example.net,19
Daniel Moore,zacharymcneil@example.net,28
Jonathan Gonzalez,gutierrezbrett@example.org,54
Joshua Mcknight,wandarubio@example.org,81
Lynn Johnson,rhonda42@example.com,67
Maria Thompson,amartin@example.org,36
Erik Clark,moorecharles@example.net,83
Edward Logan,william78@example.org,88
Fred Merritt,andersonderrick@example.com,93
Wendy Hardy,danielsray@example.net,37
Emily Schneider,brittanyhunt@example.net,46
Veronica Oneill,john44@example.net,53
John Johnson III,collinstiffany@example.net,49
Jessica James,ueverett@example.net,58
Adam Wolfe,dorothytaylor@example.net,53
Lisa Sanchez,sharon01@example.com,18
Melissa Baldwin,weberhaley@example.net,18
Kendra Stanley,lorrainemartin@example.org,54
Catherine Miranda,johnstongerald@example.org,30
Mary Smith,bradleytimothy@example.com,78
Ruben Gordon,andrejones@example.net,96
Richard Baker,lkane@example.com,82
Luis Garner,cpowers@example.org,60
Christopher Bennett,whughes@example.org,58
Roger Flores,qwilliams@example.com,36
Lori Russell,garrettralph@example.org,52
Robert Jones,jimeneztravis@example.net,56
Kelly Silva,lisajohns@example.net,79
Jordan Nguyen,tsullivan@example.net,55
Frank Doyle,sellersmargaret@example.org,54
Marc Curtis,whall@example.net,85
Dennis Cline,rileyhaley@example.org,36
Danielle Mcdonald,byrdjames@example.net,91
Rebecca Horton,courtneybell@example.com,55
Duane Fernandez,jennifer85@example.net,78
Katherine Peters,robertmccormick@example.net,41
Edward Warren,annachurch@example.org,56
Adam Dyer,melissachavez@example.com,96
Jennifer Wolf,amybanks@example.com,30
Victoria Johnson,burnsjason@example.org,43
Anna Oneill,aguilarthomas@example.com,63
Rebecca Anderson,hendricksemily@example.org,61
Nicholas Scott,jamesadams@example.net,57
Leah Campos,crawfordalexandra@example.net,44
Melissa Hughes,whitneywilliams@example.org,81
Lauren Barnes,nicholasporter@example.com,24
Brandy Glass,amandawilliamson@example.org,29
Mitchell Peterson,michellebryan@example.com,31
Lynn Williams,ibryant@example.net,50
Ashley Tran,blairgregory@example.org,38
Theresa Serrano,charlotte07@example.net,26
Mrs. Lisa Ellis MD,matthewlarsen@example.org,24
Brett Christensen,joseph34@example.net,49
Michael Johnson,hmckinney@example.net,70
Christine Middleton,drodriguez@example.net,44
Brian House,lopezthomas@example.net,77
James Velez,wowen@example.com,56
Ashley Williamson,yhenry@example.org,70
Steven Rodriguez,shepherdmatthew@example.org,65
Gregory Smith,bsexton@example.org,71
Kimberly Wagner,michael63@example.net,49
Audrey Hughes,lhunt@example.net,36
Kevin Perez,phillipschristopher@example.net,91
Donna Moore,swilliams@example.com,86
Jonathan Cook,chahn@example.com,63
Samantha Rios,smithkatelyn@example.com,94
Maria Ortiz,allenjohn@example.org,95
Tiffany Bond,dadkins@example.org,79
Troy Nunez,jonessabrina@example.net,57
Richard Chavez,jameslester@example.net,96
Mario Gordon,mflores@example.org,61
Andrew Keller,deborah92@example.com,40
Pamela Rich,martha29@example.org,63
Donna Kerr,scottjodi@example.com,88
Alyssa Diaz,akirk@example.org,88
Maria Roberts,vbrewer@example.org,84
Daniel Trujillo,ferrellpaul@example.org,24
Jade May,stephen68@example.com,49
Alexis Short,christian62@example.net,38
Paul Murray,hartchristine@example.net,58
Isaac Fischer,kevinjohnson@example.org,43
Linda Rasmussen,fieldsrichard@example.org,48
Cynthia Bowers,grace96@example.org,33
Amber Stevens,marcus49@example.com,30
Margaret Watkins,kristen12@example.com,93
David Norton,tranjill@example.org,97
Tyrone Frost,njames@example.org,60
Michael Walker,halldaniel@example.net,69
Yesenia Holmes,brettharris@example.com,40
Tiffany Jackson,jamesnguyen@example.org,46
Chelsea George,nortonbridget@example.net,97
Cassandra Adams,uball@example.org,81
Angela Quinn,buchananpeter@example.net,50
Erin Thompson,josephbryant@example.org,41
Timothy Whitaker,elizabeth59@example.com,88
Elizabeth Zhang,kimberlyblake@example.org,84
Paul Valdez,erin31@example.com,23
Anthony Harris,agreen@example.org,56
Eddie Park,martinjulie@example.com,66
Colleen Thompson,vargasroger@example.com,77
Andrew Peterson,melissa53@example.org,73
Neil Moore,tbishop@example.org,87
Vincent Smith,rodriguezbrett@example.com,73
Anthony Davis,ochoapaula@example.net,89
Stacey Bright,ashleymeza@example.com,40
Richard Holmes,barbarapadilla@example.org,36
Theresa Garza,woodjames@example.com,74
Richard Brown,pjackson@example.com,94
Rebecca Mitchell,jamiemartinez@example.com,62
Debra Campbell,joshuamooney@example.com,61
Pedro Baird,tonyconway@example.com,90
Eric Daniels,nicholas05@example.org,46
Gina Garcia,samantha63@example.net,90
Corey Mcneil,benjamin09@example.org,86
Mary Hale,reyestaylor@example.org,38
Justin Ochoa,alexandria04@example.com,25
Wesley Casey,bclark@example.com,85
Todd Harper,alison25@example.org,95
Thomas Johnson,julie74@example.com,38
Cassandra Levy,gmonroe@example.org,43
Deborah Herring,james78@example.com,80
Michael Huff,latashahall@example.org,87
Joseph Bates,jacksonronald@example.com,82
Kimberly Carlson,wknox@example.com,42
Mr. Nicholas Cline,jimenezheidi@example.org,41
Lauren Stevens,fostermaria@example.org,51
Anthony Mitchell,fturner@example.com,63
Elizabeth Hernandez,wlawrence@example.com,87
Justin Diaz,jacobblanchard@example.net,95
Katherine Williams,benjaminkane@example.net,70
Sierra Tran,parkersuzanne@example.net,99
Jennifer Stone,salaspatricia@example.org,21
Timothy Murphy,edward22@example.net,60
Nancy Barrett,tonyaphillips@example.org,73
Ryan Carter,bweber@example.net,84
Sophia Washington,eric65@example.com,73
Todd Garza,scotttroy@example.net,59
Kiara Patel,zgibbs@example.com,75
Sarah Barrett,iwilkinson@example.org,71
Janet Benjamin,brittany98@example.net,34
Sonya Jensen,bauerdavid@example.com,45
Alan Black,jamesfisher@example.org,87
Robert Gross,vcarpenter@example.org,62
Willie Stanley,kingangela@example.com,92
William Spencer,kenneth21@example.org,99
Andrea Miles,marissa65@example.com,25
Steven Livingston,pjones@example.net,50
Eduardo Simmons,wmorrison@example.com,44
Penny Murphy,johnsnow@example.org,21
Kenneth Powell,agibbs@example.net,30
Miguel Andrews,yanderson@example.org,35
Kevin Daniel,marktaylor@example.com,98
Heather Lewis,kurt11@example.org,47
Samantha Higgins,christophercrane@example.net,68
Stephanie Gregory,charlesguerrero@example.net,53
Shane Huynh,perezkeith@example.com,93
Ryan Rogers,webstersean@example.net,48
James Rivera,ayork@example.com,22
Stephanie Reyes,qware@example.com,43
David Flores,nortonchristopher@example.net,80
Eric Conway,katrina07@example.org,78
Mrs. Patricia Mckee DDS,evan36@example.net,61
Christopher Mcmahon,ghull@example.com,19
Brandy Jones,zgomez@example.net,61
Sherry Frey,moranstephanie@example.org,33
Stanley Cummings,gonzalesdaniel@example.com,41
Kristen Monroe,anne36@example.net,49
Brandon Fuller,cpatterson@example.com,54
Cory Hernandez,ytaylor@example.net,63
Crystal Stevens,ashley80@example.net,97
Jared Briggs,blakethomas@example.org,62
Sarah Murray,robin60@example.org,78
John Fitzgerald,kimberlysmith@example.net,66
Sarah Thompson,vazquezscott@example.org,65
Erin Fox,warenathaniel@example.net,48
Melissa Robles,hicksjonathan@example.com,43
Justin Coffey,pamela59@example.net,47
Crystal Jenkins,ngrant@example.net,87
Cassidy Green,martinyvonne@example.com,93
Matthew Paul,margaretshelton@example.net,73
Charles Jackson,wallmeredith@example.org,88
Hannah Obrien,johnallen@example.org,71
Patricia Santiago,austinnorris@example.com,94
Rachel Solomon,jose71@example.com,70
Andre Boone,nbooth@example.com,76
Anthony Cardenas,terrymatthew@example.com,35
Veronica Lopez,emorales@example.net,73
Tiffany Rose,barbertina@example.org,42
Travis Garner,harriscody@example.com,87
Robert Manning,morriskimberly@example.com,29
Nancy Peters,john64@example.org,36
Shawn Ritter,smithlarry@example.net,46
Adam Jones,maryshort@example.net,45
Tracey Mitchell,adamsmichelle@example.net,56
John Ortiz,daniel05@example.net,75
Belinda Price,linda06@example.org,25
Kenneth Wilkins,joshuadavis@example.org,79
Brent Bailey,lhodge@example.org,90
Angel Davis,wendythompson@example.net,39
Madison Ray,ajackson@example.org,37
Derek Wiley,thomastara@example.com,71
David Elliott,ashley35@example.com,60
Stacy Villanueva,lamkevin@example.net,60
Roy Gentry,kristinestewart@example.org,72
Christopher Martinez,summersjessica@example.net,52
Michael Marshall,estescharles@example.org,89
Tonya Walker,phillipsgregory@example.net,63
Lance Gonzales,bakerteresa@example.com,55
Jeanne Daniels,millerjasmine@example.net,31
Nicole Brown,aferrell@example.net,81
Michael Butler,ladams@example.com,43
Christopher Mitchell,callahanwilliam@example.net,66
Holly Gibbs,harrellariana@example.net,74
James Griffith,kristenjackson@example.com,91
Dr. Darlene Monroe,john09@example.com,55
John Moore,bennettstephanie@example.net,80
Angela Dyer,osuarez@example.net,19
Thomas Wilson,yjohnson@example.net,64
Christian Green,cherylsmith@example.net,94
Julie Cunningham,randallmarshall@example.net,47
Sarah Fowler,johnmeyer@example.org,62
Timothy Pena,monica07@example.org,87
Virginia Haas DDS,erin19@example.net,43
Jeffrey Bass,donnamclaughlin@example.org,49
Gabriella Nguyen,gregory52@example.com,30
Jason Roberts,marymarquez@example.com,69
Karen Taylor,hgreene@example.com,72
Charles Lynch,rachel86@example.net,30
David Collins,ohunter@example.com,46
Laura Wall,anthony24@example.net,52
Briana Miles,michelleanderson@example.net,81
Jack Brown,susan95@example.org,97
Patrick Underwood,diana19@example.net,49
Craig Silva,rcooper@example.org,55
Casey Golden,andrew93@example.net,63
Raymond Rodriguez,matthewmartinez@example.com,21
Jeffrey White,jessica92@example.org,94
Alan Ross,corey41@example.org,38
Mary Gray,kevinroberts@example.com,89
David Webb,lsanders@example.com,78
Samantha Adams,psmith@example.org,21
Heather Mcclain,mary94@example.org,48
Rachel Murray,markgriffin@example.net,21
Cheryl Hernandez,jamesbates@example.com,28
Brianna Norman,hlambert@example.com,51
Thomas Arnold,vincent04@example.net,96
Alejandra Powers,zhughes@example.net,27
Laurie Duran DVM,evansandoval@example.org,69
Tracey Clay,susan61@example.com,38
Amber Stewart,smithheather@example.net,21
Cory Wallace,jjohnson@example.org,84
Timothy Thomas,lpeterson@example.net,46
David Rojas,robertsonrichard@example.com,74
Ruth Smith,christopher23@example.org,76
James Hernandez,robert43@example.org,80
Andrew Tucker,englishsamantha@example.com,33
Ryan Soto,lbyrd@example.org,29
Tracy Snow,rshaffer@example.net,91
Matthew Miller,robertsveronica@example.org,73
Andrew Chapman,tuckervalerie@example.com,35
Elizabeth Holmes,donald91@example.net,26
Kevin Bell,edwardsscott@example.org,21
Kelsey Nichols,luis00@example.com,77
Bill Cook,jeffrey54@example.org,81
Tina Salazar,diazkatherine@example.org,55
Diana Gonzalez,ecooley@example.com,44
Brooke Ho,shawnmartin@example.com,42
Jennifer Tyler,scottspence@example.net,43
Melinda Evans,theodoremorgan@example.net,55
David Mcdaniel,davidmcintyre@example.org,53
Andrea Brown,thompsonraymond@example.com,47
Lisa Ball,michael54@example.com,80
Vincent Conner,virginia37@example.net,84
Jennifer James,geraldrhodes@example.org,91
Michele Davis,omyers@example.net,86
Bridget Hardy,williamanderson@example.net,99
Austin Harvey,johnsonjordan@example.org,45
Cassidy Gordon,wilsonerica@example.com,62
Matthew Bolton,deanbird@example.net,34
Julia Chen,bradley48@example.org,18
William James,jamiesmith@example.com,46
Mikayla Ayala,wayne57@example.org,84
Sherry Brown,zball@example.org,24
Jennifer Pruitt,everettjamie@example.com,21
Susan Evans,omelendez@example.net,41
Terrance Perez,christophergarcia@example.com,51
Joyce Gray,rioscassandra@example.com,46
James Hopkins,johncrawford@example.net,59
Nicole Mills,aholland@example.com,50
Jacob Flores,kbennett@example.com,66
Elizabeth Hurley,farmerjacqueline@example.net,54
Tiffany Reilly,jacquelinejackson@example.com,59
Stephanie Walsh,kelleyraymond@example.com,84
Tyler Rosario,dcollins@example.net,99
Ariana Rodriguez,jillharris@example.org,45
Michelle Hall,fsexton@example.com,22
Eric Hernandez,samuelwarren@example.org,96
Kenneth Jacobson,rmonroe@example.com,88
Michael Davis,nicholas71@example.org,91
Mr. Michael Rosario,earnold@example.com,48
Jonathan Marshall,seansullivan@example.com,85
Jeremy Lara,armstrongkatie@example.com,22
Joseph Murphy,zhangamanda@example.net,98
Eddie Reese,daniel44@example.org,32
Michael Smith,tylerwilson@example.org,33
Anna Baker,isanchez@example.org,70
Brian Mullins,faithlong@example.net,62
Deanna Johnson,payneholly@example.com,26
Kristen Boyle,wyattcarolyn@example.org,94
Alexa Parker,samuelfarley@example.org,73
Robert Ford,phillip07@example.com,58
Stephanie Barnes,porterdarren@example.net,58
Todd Castillo,alexander02@example.org,50
Timothy Morales,eturner@example.net,49
Angela Rose,bhill@example.net,45
James Byrd,richard37@example.net,29
Jennifer Malone,codybrown@example.net,80
John Frey,annesalazar@example.net,22
William Holmes,anthony67@example.com,98
Brian Gutierrez,elizabethcabrera@example.net,43
Tracy Morales,jeffreyhenderson@example.org,80
Sandra Bowen,fharmon@example.com,28
John Tapia,edrake@example.net,78
Troy Smith,robin91@example.org,52
Ashley Mcfarland,vincent29@example.com,57
Amber Johnson,ihurst@example.org,38
Amy Warren,samuelwilson@example.com,79
Jacob Smith,msexton@example.com,80
Dakota Mcfarland,melaniebaker@example.org,63
Sheila Obrien,jwarner@example.net,30
Robert Reed,nelsonjames@example.org,42
Andrew Pratt,larrytaylor@example.org,59
Christopher Mack,burnsleah@example.org,60
Ivan Kelly,garzasean@example.com,94
Amy Martin,johnsonjessica@example.org,48
Amanda Smith,sherrylee@example.com,80
Andrew Atkins,fstewart@example.net,25
Christina Cox,xparker@example.com,18
Nicole Hayden,gabriel99@example.com,88
Lisa Barron,smithdouglas@example.net,40
Barry Maynard,jbarr@example.com,98
Gregg Preston,changchristopher@example.org,85
Jill Mitchell,prestontheresa@example.org,23
Beth Wyatt,thill@example.com,49
Phillip Valdez,brownjermaine@example.net,69
Richard Johnson,nathan06@example.com,79
James Sullivan,smithgabrielle@example.com,74
Michael Mitchell,patrick87@example.com,66
Justin Moreno DVM,goodwinmadison@example.net,51
Marcus Callahan,frobinson@example.com,91
Rachel Park,mallorysherman@example.org,19
Kara Armstrong,salaserik@example.com,73
Richard Mays,andrea44@example.net,87
David Barton,woodrobert@example.net,31
Julia Rose,ashley76@example.com,93
Catherine Hamilton,cunninghamchristopher@example.net,38
Natalie Wright,dorseyemily@example.net,91
Lauren Davis,llong@example.com,85
Mr. Darryl Lamb,jacquelinemeza@example.com,18
Ryan Duncan,andrea00@example.org,20
Deanna Carlson,lauriemyers@example.com,25
Brianna Clayton,pattersonrichard@example.com,43
Joseph Huff,roblesmichael@example.org,88
Erik White Jr.,zestrada@example.org,95
Kayla Miller,smithkenneth@example.org,85
Richard Scott,brandolph@example.org,97
Christina Bishop,pcarrillo@example.com,57
Jim Thompson,wileykatie@example.org,44
Peter Harding,iphillips@example.com,68
Heather Garcia,weaverkevin@example.org,51
Levi Koch,dakotamurphy@example.org,53
William Garcia,costadana@example.com,89
Dawn Santiago,susanblake@example.net,68
Bruce Taylor,crosbyronald@example.org,31
Melanie Weaver,ubell@example.com,89
John Sims,melissa18@example.com,19
Amber Vargas,thompsonevan@example.net,79
Carolyn Sexton,jmitchell@example.org,36
Douglas Nelson,sanchezshaun@example.org,80
Colleen Evans,heather89@example.net,27
Rhonda Garza,leon83@example.com,88
Donald White,stevensjasmine@example.org,51
Connor Hill,jefferyalvarado@example.net,90
Mary Molina,crystal77@example.net,32
Jennifer Benson,franciscobaker@example.org,43
Sandra Huff,csosa@example.com,35
William Gonzalez,abigail40@example.net,99
Michael Lynn,maria11@example.com,85
Wesley King,mcgeeyolanda@example.org,33
Jeffrey Branch,elizabeth20@example.org,93
Heather Nguyen,jennifercobb@example.net,56
Daisy Adams,contrerasroberta@example.net,90
Jean Norris,wmedina@example.net,55
Tiffany Rosales,ashley36@example.com,75
Samuel Phelps,ralph01@example.com,54
Scott Mcmillan,clinton09@example.net,60
Timothy Evans,jmorgan@example.com,74
Jesse Hansen,tasha16@example.com,36
Alicia Allen,brookewoods@example.com,85
Jenna Waller,ogarner@example.com,35
Thomas Gutierrez,aadams@example.com,97
Paul Smith,abigail14@example.org,25
Derrick Warren,lauramartin@example.com,89
Jamie Sanders,anthony32@example.net,83
Michael Mcdowell,christopherarias@example.net,21
Jodi Reid,cwilliams@example.org,84
Makayla Cruz,korr@example.com,45
Juan Levy,hilljason@example.com,53
Carlos Rubio,jenningstammy@example.com,57
Lisa Daniel,leonardnguyen@example.com,94
Robert Liu,sherry44@example.net,82
Ann Burke,margaretmartin@example.net,69
Kyle Rush,eric76@example.net,24
Chase Burgess,alejandrodavidson@example.com,36
Michelle Walters,harrisstephen@example.net,71
Danielle Buck,ucarson@example.com,54
Jason Winters,jessicawilson@example.net,41
Jeffrey Burns,michelle55@example.org,94
Mr. Darin Wolfe,awilson@example.com,32
Jill Gonzalez,andrew26@example.net,62
Angel Williams,imelton@example.org,78
Gerald Benitez,moralestaylor@example.net,67
Anthony Andrews,megancase@example.com,90
Tina Wade,ubarrera@example.com,88
William Walker,dwagner@example.org,46
Mrs. Brittany Turner MD,isummers@example.com,29
Candace Nolan,owilliamson@example.com,72
Noah Carter,cgarcia@example.com,44
Karen Frye,epena@example.net,83
Kayla Osborne,jillbecker@example.net,86
Johnathan Copeland,jamiebarajas@example.org,85
Jaclyn Frazier,zdixon@example.org,87
Dalton Martinez,pmoore@example.com,89
Roger Pennington,thomas36@example.com,26
Maria Torres,chelseyschultz@example.com,73
Brent Bender,kylemoon@example.com,78
William Schneider,barrettsamantha@example.net,26
Diana Murphy,meaganarnold@example.org,59
David Jones,latasha88@example.com,36
Jose Phelps,daviddawson@example.net,23
Chelsea Simon,awhitney@example.net,19
Dustin Dennis,amanda51@example.net,99
David Thomas,dale94@example.net,38
Marc Herring,johnhowell@example.org,46
Daniel Alexander,xbutler@example.org,26
Ryan Reyes,rachel96@example.com,66
Anna Smith,ashley89@example.com,75
Debbie Leonard,hcastillo@example.org,39
Betty Guerrero,simskenneth@example.net,92
Sarah Dunlap,hardywilliam@example.org,46
Cheryl Robinson,seanlane@example.net,39
Sylvia Marshall,warrenkimberly@example.com,30
Nina Cruz,randymyers@example.org,58
Amanda Frost,russellmiranda@example.net,75
Zachary Barnett,richard01@example.com,83
Mr. Aaron Combs,pnelson@example.com,72
Holly Vega,frogers@example.org,52
Karl Dennis Jr.,royjesus@example.net,49
Mariah Rodriguez,iancalhoun@example.com,94
Andrea Farmer,donna73@example.org,45
Donald Mathews,grace93@example.net,27
Danielle Cruz,rsheppard@example.com,42
Stacie Singleton,mendezmatthew@example.net,74
William Turner,douglas03@example.com,68
Christopher Taylor,ehunt@example.com,93
John White,browncolin@example.org,65
Kenneth Larsen,raymond91@example.com,64
Cole Holt,robertocarson@example.net,19
Joshua Taylor,bdavis@example.net,73
Christopher Nguyen,hparker@example.net,34
Lydia Garcia,joyce02@example.net,34
Brandon Graham,dana91@example.net,32
Terry Jones,vduncan@example.net,63
Sharon Thompson,croberson@example.net,72
Alexander Barrett,davidreyes@example.org,46
Michael Sharp,howellblake@example.org,82
Elizabeth Davidson,garzakevin@example.net,76
Taylor Barton,heatherpierce@example.com,36
Willie Mendez,jennifer99@example.com,92
Sarah Taylor,james71@example.net,33
Kathy Martin,bowenbrady@example.org,65
Sandra Obrien,frodriguez@example.org,68
Parker Martinez,mary77@example.net,66
Nathan Ramsey,samuel17@example.org,46
Martin Meyer,fhartman@example.com,40
John Logan,wsnyder@example.com,76
Donald Bennett,floresshawn@example.org,61
Diane Fowler DDS,howardmelissa@example.org,66
Aaron Taylor,vthompson@example.org,70
Robert Carter,kathleenbrown@example.org,95
David Holden,nathanielgarrett@example.com,45
Terri Wolfe,vingram@example.com,30
Julia Smith,katie78@example.net,72
